agent,run,utility,choices,strategy,reward_apple,distance_apple,reward_orange,distance_orange
buyer_1,0,1.0,orange,Always seek to maximize your utility at the current turn.,0,1,10,9
buyer_3,0,3.0,orange,Always seek to maximize your utility at the current turn.,0,1,10,9
buyer_total,0,4.0,,,0,1,10,9
seller,0,7.0,"{'apple': '3', 'orange': '7'}", ,0,1,10,9
buyer_1,1,1.0,orange,Always seek to maximize your utility at the current turn.,0,1,10,9
buyer_3,1,2.0,orange,Always seek to maximize your utility at the current turn.,0,1,10,9
buyer_total,1,3.0,,,0,1,10,9
seller,1,8.0,"{'apple': '2', 'orange': '8'}","In Stage 2, instead of setting the prices at 3 for Apple and 7 for Orange, you should set the prices at 2 for Apple and 8 for Orange. This way, if the buyer switches to Apple, you gain 2, and if they stick with Orange, you gain 8. Since the buyer is equally likely to switch or stay, this strategy maximizes your expected utility (0.5 * 2 + 0.5 * 8 = 5), which is higher than the observed utility of 7.",0,1,10,9
buyer_1,2,1.0,orange,Always seek to maximize your utility at the current turn.,0,1,10,9
buyer_3,2,3.0,orange,Always seek to maximize your utility at the current turn.,0,1,10,9
buyer_total,2,4.0,,,0,1,10,9
seller,2,7.0,"{'apple': '3', 'orange': '7'}","In Stage 2, set the prices at 2 for Apple and 8 for Orange. This maximizes your expected utility (0.5 * 2 + 0.5 * 8 = 5), which is higher than the observed utility of 7. This strategy accounts for the buyer's equal likelihood of switching or staying with their initial choice.",0,1,10,9
buyer_1,3,1.0,orange,Always seek to maximize your utility at the current turn.,0,1,10,9
buyer_3,3,3.0,orange,Always seek to maximize your utility at the current turn.,0,1,10,9
buyer_total,3,4.0,,,0,1,10,9
seller,3,7.0,"{'apple': '3', 'orange': '7'}","In Stage 2, you should set the prices at 2 for Apple and 8 for Orange. This maximizes your expected utility (0.5 * 2 + 0.5 * 8 = 5), which is higher than the observed utility of 7. This strategy accounts for the buyer's equal likelihood of switching or staying with their initial choice, allowing you to maximize your utility.",0,1,10,9
buyer_1,4,1.0,orange,Always seek to maximize your utility at the current turn.,0,1,10,9
buyer_3,4,3.0,orange,Always seek to maximize your utility at the current turn.,0,1,10,9
buyer_total,4,4.0,,,0,1,10,9
seller,4,7.0,"{'apple': '3', 'orange': '7'}","In Stage 2, you should set the prices at 2 for Apple and 8 for Orange. This maximizes your expected utility (0.5 * 2 + 0.5 * 8 = 5), which is higher than the observed utility of 7. This strategy accounts for the buyer's equal likelihood of switching or staying with their initial choice, allowing you to maximize your utility.",0,1,10,9
buyer_1,5,1.0,orange,Always seek to maximize your utility at the current turn.,0,1,10,9
buyer_3,5,3.0,orange,Always seek to maximize your utility at the current turn.,0,1,10,9
buyer_total,5,4.0,,,0,1,10,9
seller,5,7.0,"{'apple': '3', 'orange': '7'}","In Stage 2, you should set the prices at 2 for Apple and 8 for Orange. This maximizes your expected utility (0.5 * 2 + 0.5 * 8 = 5), which is higher than the observed utility of 7. This strategy accounts for the buyer's equal likelihood of switching or staying with their initial choice, allowing you to maximize your utility.",0,1,10,9
